,id,date,tweet,hashtags,username,place,geo,timezone
0,1353492222344392707,2021-01-25 07:57:47,idk bothering alcohol inflation time high rn,[],MphoKgosidialwa,,,800
1,1353492195827965952,2021-01-25 07:57:40,inflation much money means prices rise eventually gas gallon,[],AllenWi92526840,,,800
2,1353492090311720960,2021-01-25 07:57:15,exerts daily fix talk inflation roll deafening exuberance equity markets sins consensus camp see signs real yields rise amp fed tolerate steeper curve point usd fomc trading,"['fomc', 'trading']",ChrisWeston_PS,,,800
3,1353492059370479617,2021-01-25 07:57:08,regards michellins explains recent price rises inflation aye,[],morejunkfromu,,,800
4,1353492005008113665,2021-01-25 07:56:55,oh mike since clearly unaware inflation levels cheat sheet,[],apecapital,,,800
5,1353491958057021451,2021-01-25 07:56:44,inflation trudeau care finances priorities feminists genders gay rights abortion progressive leftist political correctness woke climate diversity refugees migrants debt deficit radar,[],soc_justice1,,,800
6,1353491914952204288,2021-01-25 07:56:33,reserves mean anything inflation,[],Freddiesgato,,,800
7,1353491713290088449,2021-01-25 07:55:45,macri tried volker thing embrace full dollarization despite borrowing enough usd peronists world mmt ers lowered rates assertion true argentina inflation fall cut rates,[],duganist,,,800
8,1353491701105651712,2021-01-25 07:55:42,people low skills welfare food stamps raising minimum every state every state need cost living either cause inflation well,[],LeutyRuby,,,800
9,1353491667521826818,2021-01-25 07:55:34,oh yeah buying eth hedge inflation bitcoin oh yeah eth hedge btc uselessness,[],RNR_0,,,800
10,1353491454405062657,2021-01-25 07:54:44,hey answer question minimum wage inflation much kept promise easy answer,[],Ghobsmacka,,,800
11,1353491410629103618,2021-01-25 07:54:33,true taxes govt waste cause inflation everything cost produce,[],hcagc17,,,800
12,1353491096190513152,2021-01-25 07:53:18,fucking boomers updated talking points decade municating impossible hur dur solar power petitive inflation luxury apartments cause gentrification,[],AntinomeWLP,,,800
13,1353491090419167232,2021-01-25 07:53:17,nein nicht der preis inflation die frage ist falsch es werden ohnehin jede menge nutzlosen kryptow hrungen geschaffen code base opensource bessere frage wird eine neue kryptow hrung vergleichbar bedeutend daf  muss beides stimmen technologie und das soziale ,[],EthernianD,,,800
14,1353490888568303617,2021-01-25 07:52:29,like inflation quote sure everything fine,[],iTunerd,,,800
15,1364726749133643776,2021-02-25 07:59:47,lmao us senator pretending inflation means parison today,[],ForestCemetery,,,800
16,1364726726157348872,2021-02-25 07:59:41,joking matter millions people know minimum wage risen years keep pace inflation far get per hour free lunch profit margins control,[],moinqueens,,,800
17,1364726593042677762,2021-02-25 07:59:09,lumber price gone america since april average new home cost build increase fed chair powell said yesterday see inflation tho lol lumber copper aluminum groceries beginning,[],Chrisraman6,,,800
18,1364726591587291136,2021-02-25 07:59:09,always good sign congresspeople know pretend know inflation,[],von_todwin,,,800
19,1364726552643035140,2021-02-25 07:59:00,breaking govt plan exams teachers assess grades based mix coursework mocks questions exam boards checks moderation algorithms results   th aug anyone appeal major risk grade inflation pressure teachers mass appeals,[],PaulBrandITV,,,800
20,1364726465112244230,2021-02-25 07:58:39,inflation,[],Cpo10za,,,800
21,1364726314603700224,2021-02-25 07:58:03,oh please assholes know minimum wage kept inflation find odd cook making couple bucks hour years later,[],Johnmatrix76,,,800
22,1364726217589415942,2021-02-25 07:57:40,goes inflation calculator anything taking less weeks take months,[],BHIndepMO,,,800
23,1364726197226250242,2021-02-25 07:57:35,idiot john thune never heard inflation,[],Daedalus6,,,800
24,1364726171573886977,2021-02-25 07:57:29,investors modities making collective wager government stimulus plus near zero interest rates fuel demand generate inflation amp weaken  dollar economy rebounds pandemic,[],DTradingAcademy,,,800
25,1364726158294741004,2021-02-25 07:57:26,runaway inflation yet,[],AAugust1970,,,800
26,1364726134814965761,2021-02-25 07:57:20,siri inflation,[],tresdessert,,,800
27,1364726133351186432,2021-02-25 07:57:20,republicans heard inflation livable wage party claims business market seem understand much economics,[],TwoBroadsTalk,,,800
28,1364726121569411072,2021-02-25 07:57:17,disingenuous pablum say issue sure aware something called inflation matter base wants hear,[],Chiaguava1,,,800
29,1364726114187370496,2021-02-25 07:57:15,wall termine en hausse alors que powell fed rassure sur  inflation,[],JolicoeurNews,,,800
30,1364726042829676544,2021-02-25 07:56:58,imagine elected senate seat understanding inflation,[],tek_sauce,,,800
31,1364725950173249536,2021-02-25 07:56:36,wages kept inflation,[],pdogassassin,,,800
32,1364725870028546052,2021-02-25 07:56:17,bets high grade inflation goes criticism teachers incentives pupils honest holdouts going disadvantaged,[],trotter_alex,,,800
33,1364725840408424451,2021-02-25 07:56:10,let think thissenjohnthune tweet born hr salary adjusted inflation fightfor minimumwage,"['fightfor15', 'minimumwage']",aaronklemz,,,800
34,1364725732727922695,2021-02-25 07:55:44,okay instead set adjusted inflation,[],uspsveteran,,,800
35,1396979305083809795,2021-05-25 07:59:55,joe thirty five biden inflation plan taxes inflation enough pay obamacare netflix,"['obamacare', 'netflix']",DAVETANGO9,,,800
36,1396979236477407233,2021-05-25 07:59:39,furthermore inflation almost certainly higher next years last years see look money supply velocity analysis look key macro factors,[],hlshaken,,,800
37,1396979146723635200,2021-05-25 07:59:17,lmao keep telling inflation without actually acknowledging origins inflation,[],JCMTyellek,,,800
38,1396978991488114692,2021-05-25 07:58:40,go buy gas lumber beef inflation statistics garbage look prices normal stuff people use daily,[],FreeReignS,,,800
39,1396978850186334213,2021-05-25 07:58:07,think sort pre hyperinflation inflation calm explode years,[],rightwingnutrs,,,800
40,1396978797480538113,2021-05-25 07:57:54,inflation adjusting returns  rd median family  rd median family   start journey  end nearly enough,[],hlshaken,,,800
41,1396978777289228290,2021-05-25 07:57:49,consumer confidence rises anz anzbank australia australian bank covid future impact inflation market melbourne outbreak unemployment,"['anz', 'anzbank', 'australia', 'australian', 'bank', 'covid19', 'future', 'impact', 'inflation', 'market', 'melbourne', 'outbreak', 'unemployment']",MirageNewsCom,,,800
42,1396978712080494596,2021-05-25 07:57:34,wonder adjusted inflation eddie murphy beats bhc shrek movies made lot raw dollars time granted many mcu movies downey appeared forgot cast around time back school,[],EugeneFreedman,,,800
43,1396978634687188993,2021-05-25 07:57:15,inflation,[],rl88402591,,,800
44,1396978590391144450,2021-05-25 07:57:05,ment clearly demonstrates ignorance topic read white paper understand requirements monetary instrument used currency know deterministic static inflation looks like hater,[],b4RTrades,,,800
45,1396978573597188105,2021-05-25 07:57:01,retirees worried inflation may want consider adding investment portfolio bankingandfinancenews covid online banking bank business services finance home money loan lease lending markets please retweet,"['bankingandfinancenews', 'covid19', 'online', 'banking', 'bank', 'business', 'services', 'finance', 'home', 'money', 'loan', 'lease', 'lending', 'markets']",AJBlackston,,,800
46,1396978499190149120,2021-05-25 07:56:43,knew elon one stand way stock market inflation inevitable see next bull run starting doge get,[],Ramiammoun,,,800
47,1396978462263582720,2021-05-25 07:56:34,uphold chairman powell thought serve people inflation paper tiger fulfill dual mandate,[],profmusgrave,,,800
48,1396978398249971717,2021-05-25 07:56:19,still pay subject insane rates inflation americans good example bag fluids saline iv er visit easily run americans bill cost hospital dollar obtain,[],josinchuk_wx,,,800
49,1396978342000160769,2021-05-25 07:56:05,tech update billionaire investor ray dalio says rather bitcoin bonds inflation surges reveals bought cryptocurrency let discuss digitaltransformation digitalstrategy digitalworkplace,"['digitaltransformation', 'digitalstrategy', 'digitalworkplace']",gadgetmanjay,,,800
50,1396978321225883649,2021-05-25 07:56:01,never self evaluate tip sex harsh environment tough times training soon get road let alone loss ageing time flying personal failures poverty loneliness traffic inflation,[],drkimble123,,,800
51,1396978301533671424,2021-05-25 07:55:56,reason better investment usd rn people want  per year supply drive price inflation caused  supply doge  global currency population growth alone make deflationary,[],SashSoulsmith,,,800
52,1396978276342505477,2021-05-25 07:55:50,half produced consumed real quantities industries supported caught guard quick ramp demand   supply kinda like toilet paper beginning pandemic inflation happening,[],1smith4theroad,,,800
53,1396978126446604288,2021-05-25 07:55:14,episode lumber housing cars one thing mon rising prices today bring episode inflation,[],kate_linebaugh,,,800
54,1396977920824905729,2021-05-25 07:54:25,israel palestinian conflict inflation southern border belarus forcing jet oh nice gatorade,[],StylerRob,,,800
55,1396977899098546177,2021-05-25 07:54:20,comment la  nurie mondiale de puces et les difficult approvisionnement entra nent une inflation des prix zdnet tech techno,"['tech', 'techno']",ChefPhileas,,,800
56,1396977792840052742,2021-05-25 07:53:55,michael burry shocking position revealed hyper inflation prep,[],ZBankEnt,,,800
57,1396977778747068416,2021-05-25 07:53:51,inflation protected,[],realchrisfarhat,,,800
58,1396977574354554886,2021-05-25 07:53:02,many investors tips accessible professionally managed less volatile way add level inflation protection unlike bitcoin,[],chriskeithBONDS,,,800
59,1396977572047687681,2021-05-25 07:53:02,looking tips reason auction weak investors starting think twice need expensive inflation protection,[],chriskeithBONDS,,,800
60,1396977561670934528,2021-05-25 07:52:59,transitory bond yields match cpi level like historically inflation due supply chain issues true rising costs,[],Profess0rP,,,800
61,1396977426152890373,2021-05-25 07:52:27,hey sans offense cat ears order sexy belly inflation crap,[],SephirothLovr58,,,800
62,1396977387741589504,2021-05-25 07:52:18,makes zimbabwe first country sadc co mesa disseminating inflation statistics within days data collection,[],tatemars,,,800
63,1396977358842826752,2021-05-25 07:52:11,literally seconds later tumbles weirdest fucking bimbofication inflation vore transformation fetish rabbit hole ever,[],elloitts,,,800
64,1396977263908835328,2021-05-25 07:51:48,sjw minimum wage laws increase inflation,[],onesnkelewis,,,800
65,1396977141363798019,2021-05-25 07:51:19,save invest steal savings inflation lol,[],paulbagginXrp,,,800
66,1396977126880989186,2021-05-25 07:51:16,another problem fed removing last excuse raise nominal interest rate target summers say means inflation goes roof say recipe undershooting inflation target big deal though,[],1954swilliamson,,,800
67,1396976847561265158,2021-05-25 07:50:09,us gnp grew pa next two decades us wages risen war driving tremendous aggregation purchasing power tremendous demand goods economists wrong america adapted inflation eased deja vu,[],mastersinvest,,,800
68,1396976841425096704,2021-05-25 07:50:08,economy week ahead housing consumer spending inflation,[],NewsRedwing,,,800
69,1452424662634336258,2021-10-25 07:59:58,know balloons expensive inflation dadjoke,['dadjoke'],ThreeLegPants,,,800
70,1452424659681611785,2021-10-25 07:59:58,inflation though,[],Bitcoin_phan,,,800
71,1452424622134026240,2021-10-25 07:59:49,panies bet shoppers keep paying higher prices economy money holiday inflation news,"['economy', 'money', 'holiday', 'inflation', 'news']",TopFeaturedcom,,,800
72,1452424606199992321,2021-10-25 07:59:45,nono trust politicians say inflation usual everything fine,[],eddiemedusa,,,800
73,1452424596410470402,2021-10-25 07:59:43,fun fact day inflation adjusted disneyland parking cost today instead almost increase cool stuff,[],aleacabri,,,800
74,1452424546498322433,2021-10-25 07:59:31,lol oh good inflation rising open borders high gas prices high unemployment hey worried gender sad,[],poloticalprof,,,800
75,1452424540840210443,2021-10-25 07:59:29,years current likely continuing inflation seeing right gold absolutely mooning,[],strobist,,,800
76,1452424500885299205,2021-10-25 07:59:20,way inflation going american money new cny,[],CoteEstOrleans,,,800
77,1452424450268295171,2021-10-25 07:59:08,treefiddy inflation dollartree,"['treefiddy', 'inflation', 'dollartree']",CiaraMeghan,,,800
78,1452424429363998723,2021-10-25 07:59:03,based frequency changed inflation rates december say kind,[],xwwpp,,,800
79,1452424410544148481,2021-10-25 07:58:58,look northern europe ideal choose transparent taxes opposed stealth taxes fund state inflation cruel tax exacted upon unsophisticated stop trying condition downtrodden spend little condition instead,[],MarketNewsBlltn,,,800
80,1452424395994054656,2021-10-25 07:58:55,even possible make cartoon good dialogue good messages clearly heart behind also slapstick shit like getting smushed inflation cartoon physics cuz bro id hella make lifegoal,[],SilvaQular,,,800
81,1452424387727183874,2021-10-25 07:58:53,fed inflation target whenever higher unacceptable,[],RussTaylorPhD,,,800
82,1452424242486779905,2021-10-25 07:58:18,trump ignored covid make things worse downplaying experiencing inflation try facts coronna,[],sashakaralou,,,800
83,1452424225898352652,2021-10-25 07:58:14,noch funktioniert die methode der br llende tiger der sich aber bei genauerer betrachtung als wei  maus entpuppt hervorragend die bauchredner vom diw ihre apokalypsephrasen arbeitspl tzeverlust firmenexodus amp inflation wirken halt immer noch jetzt schluss damit,['diw'],PPMMal,,,800
84,1452424213579452416,2021-10-25 07:58:11,inflation everywhere always monetary phenomenon milton friedman,[],SpectralDiscord,,,800
85,1452424176007106564,2021-10-25 07:58:02,wages stagnate inflation people less spend shops like aldi prosper grow high streets close people increasingly rely food banks sound familiar,[],byboshir,,,800
86,1452424148077010945,2021-10-25 07:57:56,yeah man love hyper inflation,[],Furrett__,,,800
87,1452424084466409473,2021-10-25 07:57:41,anyone else recall thanksgiving dinner conversations bitcoin bull expect year add dynamic inflation exchanges ramp hiring,['bitcoin'],JackOCrypto,,,800
88,1452424031219511298,2021-10-25 07:57:28,covid vax biden strong economy bull shit global respectable hahahahaha stand putin sure looked like approving pl ending afghan war stranding americans lowering taxes leading inflation soon hyperinflation uniting americans ass,[],diegobredLT,,,800
89,1452423978895687681,2021-10-25 07:57:15,inflation made hats valuable throw,[],report_pigeon,,,800
90,1452423970104426496,2021-10-25 07:57:13,topic smart people talking deflation vs inflation thread educated quite bit hopefully bring clarity seeking,[],jurucutu,,,800
91,1452423950051553282,2021-10-25 07:57:09,except talking venezuela ido wrong america living higher inflation expected even close hyperinflation,[],RodolfoHL_EN,,,800
92,1452423906669776898,2021-10-25 07:56:58,tlp march inflation mehghanai personal interests,[],afzallhr,,,800
93,1452423790487502848,2021-10-25 07:56:31,still hoping need anymore stimulus inflation running hot economy strong leave things alone,[],trixareforlibs,,,800
94,1452423781448814602,2021-10-25 07:56:28,inflation border crisis focus gfys,[],andr3th3g1ant,,,800
95,1452423678713602051,2021-10-25 07:56:04,monetary policy causing excess demand causing inflation problems ports started year ago supply chain disruption monetary policy response cause,[],FreeEthan,,,800
96,1452423669758705669,2021-10-25 07:56:02,energy inflation,[],RNR_0,,,800
97,1452423582466727937,2021-10-25 07:55:41,true hedge  grows inflation,[],Revhappy2,,,800
98,1452423568759967754,2021-10-25 07:55:38,inflation already control fed helpless,[],mreinvest,,,800
99,1452423468738232320,2021-10-25 07:55:14,edible oil prices hit record high food inflation treat soars zerohedge jamieoliver foodnetwork wfp foodandwine bflay acfusa,[],silverguru22,,,800
100,1452423426115874820,2021-10-25 07:55:04,actually perfect example cost push inflation joe ripples price everything also causes underlying economy slow hence stagflation,[],FinanceLancelot,,,800
101,1452423409795690497,2021-10-25 07:55:00,bad news inflation shortages stay,[],NorCalCrush,,,800
102,1452423401163919364,2021-10-25 07:54:58,inflation supply chain shortages southern border control net importer oil,[],C_cwhite,,,800
103,1452423355139821569,2021-10-25 07:54:47,imagine economy people money  produces widget  widget  day priced purchases widget day price rises purchases widget inflation precedes increased velocity,[],xcsler,,,800
104,1452423332716945408,2021-10-25 07:54:41,inflation,[],astrobebs,,,800
105,1452423256296747010,2021-10-25 07:54:23,inflate assets tax inflation good plan,[],eshow1969,,,800
106,1452423197962428419,2021-10-25 07:54:09,ff mais avec  inflation donne plus de les salaires  taient pas les mes les consoles taient moins ch res proportionnellement mais par contre fallait tre riche pour acheter des jeux perso mes parents en achetaient par max,[],vincent_tetard,,,800
107,1452423125560279040,2021-10-25 07:53:52,nuts working gender strategies ppl gunned chicago homeless camps overflowing ca border crisis mention inflation supply chain disaster truly pathetic administration years,[],BlockFuzz,,,800
108,1452423088813969412,2021-10-25 07:53:43,lets see iflondexofficial make wealthy enough ignore inflation,[],hollyhubbard_x,,,800
109,1452423083663319044,2021-10-25 07:53:42,taxes equals inflation transitory,[],stock_doctor,,,800
110,1452423065338527747,2021-10-25 07:53:38,inflation well lack goods shelves result manpower left workforce  back get paid stay home,[],jackdonkeyo5,,,800
111,1452423062016643075,2021-10-25 07:53:37,changing behavior due inflation already,[],paranoidbull,,,800
112,1452423051723825155,2021-10-25 07:53:34,gonna hyperinflation anytime soon smartest people admitting current inflation due money printing  one,[],Michko36281380,,,800
113,1452422974661922821,2021-10-25 07:53:16,hyper inflation economic tool totalitarian regime pierrepoilievreleslynlewisalexpiersonamp,[],MonicaFibonacci,,,800
114,1452422932135694337,2021-10-25 07:53:06,beat inflation getting crypto rich starting londex,[],hollyhubbard_x,,,800
115,1452422911277649928,2021-10-25 07:53:01,confusing state inflation inputs byritholtz,[],ATBWealthCLG,,,800
116,1452422910908542982,2021-10-25 07:53:01,tried deflating inflation,[],EBorgnot,,,800
117,1452422893896339456,2021-10-25 07:52:57,key words yellen predicts inflation return normal second half finance money trading debtfree news currency globaltrade investment investing stockmarket wealth realestate markets economy,"['finance', 'money', 'trading', 'debtfree', 'news', 'currency', 'globaltrade', 'investment', 'investing', 'stockmarket', 'wealth', 'realestate', 'markets', 'economy']",PennyboisStock,,,800
118,1452422868415954947,2021-10-25 07:52:51,sleepy creepy turn back oil line lift regulations fossil fuel got rid quick think inflation thing go away,[],GolfLaddie,,,800
119,1452422790213095426,2021-10-25 07:52:32,bination raw material inflation weak consumer spending made third quarter brutal period china panies viabusiness,[],catkngai,,,800
120,1452422780696219648,2021-10-25 07:52:30,inflation see eth wallet thanks tolondexofficial,[],hollyhubbard_x,,,800
121,1452422778624245760,2021-10-25 07:52:29,already way inflation maybe read speak,[],1LuckyVirgo1,,,800
122,1452422769048788994,2021-10-25 07:52:27,former prime minister jean chretien says concerned future canada economy inflation near year high saying canada moving dark alley exactly sound like vote confidence justin trudeau,[],levinepmc,,,800
123,1452422763906404352,2021-10-25 07:52:26,problem government manipulators currency labour constantly losing value unless got raise year  close keeping inflation,[],haykeye13,,,800
124,1452422670608445452,2021-10-25 07:52:04,happens unrealized capital loss tax credits gt print money gt inflation sooo dumb,[],DielFactor,,,800
125,1452422654003015681,2021-10-25 07:52:00,true value saving fellow humans creating wealth building financial product earns yield inflation reducing velocity better price literally saving humans investing funds longevity research hex hex,['hex'],hexfridman,,,800
126,1452422629789364225,2021-10-25 07:51:54,inflation real look thelondexofficial charts,[],hollyhubbard_x,,,800
127,1452422616598421516,2021-10-25 07:51:51,herepgregmurphy even get inflation fuels  cohorts including business folk district concern inflation liberal thing,[],EL44766671,,,800
148,1364725694333394952,2021-02-25 07:55:35,saying increase minimum wage lead increase purchasing power going get eaten inflation,[],MadisonOscare,,,800
149,1364725605233737730,2021-02-25 07:55:14,big news rbnz inflation targeting central banks generally house prices accelerated many countries running,[],Manu_CB,,,800
150,1364725581997166592,2021-02-25 07:55:08,aside obvious disregard inflation amp cost living thune says businesses small towns survive narrow margins course also anyone working small town tell exploitative businesses barely scrape,[],tlesam,,,800
151,1364725569531768835,2021-02-25 07:55:05,sort money ludicrous sport still went afl grand final people family ticket event plus cheapest ticket inflation bitch people bear,[],punt_rd,,,800
152,1364725556382679042,2021-02-25 07:55:02,short march back inflation like today policy makers bigger worries prices spike crushed economy stimulus policy prove excessive economy normalizes risk inflation taken lightly,[],lonestarcan,,,800
153,1364725555548082180,2021-02-25 07:55:02,looked metal prices coinage long great example dilution coinage inflation causes,[],MarkWVick,,,800
154,1364725547775975432,2021-02-25 07:55:00,increasing interest rates unlikely fed goals maximum employment inflation achieved chairman jerome powell said,[],MyNews13,,,800
155,1364725475894042626,2021-02-25 07:54:43,third concern central regulation people ignore maximum inventory concept inflation happen right much trust humans,[],MimiIsHere4You,,,800
156,1364725474220417025,2021-02-25 07:54:43,congress rule debates media scams corruption violence terror inflation bjp rule modis education smriti iranis certificate beef humein chahiye azaadi poor farmers eating pizza enjoying massage cricket stadium names,[],I_Am_Raj_Nair,,,800
157,1364725418440331264,2021-02-25 07:54:29,senator familiar concept inflation,[],r4d1n,,,800
158,1364725378774929420,2021-02-25 07:54:20,gdp bro inflation rate exchange rate unemployment rate lending rate starters natural resources wealth like talented working craft get far,[],zaman_ijaz,,,800
159,1364725376019279877,2021-02-25 07:54:19,today show withjacobgoldstein thought decades govt careful much borrowed rates go inflation kick point past thinking changed,[],mdc,,,800
160,1364725288182112263,2021-02-25 07:53:58,inflation fears take back seat bank canada puts focus jobs recovery covid markets,"['covid19', 'markets']",MatthewDyck22,,,800
161,1364725251591012356,2021-02-25 07:53:50,remember time chickens got us mint printed tons money believe look cock inflation,[],TropicaIfire,,,800
162,1364725244402020354,2021-02-25 07:53:48,think conceptually least setting minimum wage percentage state median wage say indexing inflation makes sense,[],JamesSurowiecki,,,800
163,1364725173178441736,2021-02-25 07:53:31,clearly unaware concept inflation senator john thune everybody,[],BornEricG,,,800
164,1364725160033443840,2021-02-25 07:53:28,lolol maybe eli measuring discontinued measures cash economy measures savings deposits amp mutual funds still valuable forecasts inflation,[],unbanksyETH,,,800
165,1364725125761884162,2021-02-25 07:53:20,know whether laugh hysterically cry futility fed chair jerome powell says money printing lead inflation,[],Gershon64932392,,,800
166,1364725020593954816,2021-02-25 07:52:54,inflation increases united nations food amp agriculture organization said global meat prices january climbed fourth straight month since dec corn futures chicago risen soybeans,[],Gephart_Jeff,,,800
167,1364724997797916673,2021-02-25 07:52:49,shorts support fund things go right covering one good whiffs inflation bad news item pretty messy stress deal,[],lerwill_t,,,800
168,1364724973177171968,2021-02-25 07:52:43,commodities price surge raises fears overshoot inflation hedging bets pour fuel sector rally prices corn copper oil ft,[],sndwky,,,800
169,1364724952444907526,2021-02-25 07:52:38,senator know inflation works,[],22030Fairfax,,,800
170,1364724930751975427,2021-02-25 07:52:33,supply siders like fed governors wayne angell manley johnson suggested modity prices exchange rates yield curves warnings incipient inflation fed temper think new discovery still worth watching,[],AlanReynoldsEcn,,,800
171,1364724928205979650,2021-02-25 07:52:32,understanding relationship inflation oil price shock thanks recovery subsidies pms however exchange rate pass spare us oil market bearish oil inflation nigeria pms,"['oil', 'inflation', 'nigeria', 'pms']",Tope_Omosuyi,,,800
172,1364724815144382467,2021-02-25 07:52:05,explaining wage increases hurt businesses without factoring inflation brain worm shit,[],jawn_iver,,,800
173,1364724790012112898,2021-02-25 07:51:59,main recurring argument raising minimum wage really seems really understand inflation,[],TweetyCanuck,,,800
174,1364724744352915456,2021-02-25 07:51:49,goldmans stupid commodities growth surging oh inflation modest macro inflation ezerohedge,"['macro', 'inflation', 'fixedincome']",SeeThePivot,,,800
175,1364724721477066754,2021-02-25 07:51:43,australia private sector reaps billion bonus fears inflation might start get outta control,[],muz1238,,,800
176,1364724717450485761,2021-02-25 07:51:42,bitch look concept inflation,[],sheapforwheet,,,800
177,1364724709242322944,2021-02-25 07:51:40,remember time sonic fans artificially raised price dollar true look sonic inflation,[],LiteraIIyNeon,,,800
178,1364724703806566407,2021-02-25 07:51:39,pov blinded hating poor people forgot inflation exists,[],Alex4Rep,,,800
179,1364724688493010947,2021-02-25 07:51:35,political theatre min wage means sandwich costs gain nothing driving inflation small businesses pay hs students living home hour part time work,[],NotWorking77,,,800
180,1364724623061839874,2021-02-25 07:51:20,think depends transition managed relatively gradual heavily focused automation production impact relatively neutral change forced occur quickly due geopolitics etc inflation far likely,[],AvidCommentator,,,800
181,1364724568917614593,2021-02-25 07:51:07,dow closes near powell reinforces inflation message dc,['dc'],candidate7153,,,800
182,1364724555537780736,2021-02-25 07:51:04,agree kept cost living inflation years minimum wage close hour keep peeps like mitchie elaine bezos fuckerberg rest uber wealthy,[],WordsDawn,,,800
183,1364724505713668096,2021-02-25 07:50:52,school choice socioeconomic backgrounds amp races allowing parents ensure best education possible great equalizer spend  per student yr gov schools unreal inflation last yrs competition healthy across society makes everyone better,[],rational_please,,,800
184,1364724492405116929,2021-02-25 07:50:49,cool man heard inflation,[],stacher,,,800
185,1364724469592428544,2021-02-25 07:50:43,bigger inflation,[],macshlibber,,,800
186,1364724441972891651,2021-02-25 07:50:36,say without context inflation cost living real dumb hog turds americans believe sentiment,[],SoloMonk256,,,800
187,1364724403305545729,2021-02-25 07:50:27,good joke beta jb petrol prices increase hote hai tb inflation bhi barhti hai nonsense,[],NJ24989405,,,800
188,1364724398687723526,2021-02-25 07:50:26,years since making hour federal minimum wage higher afford pay employees minimum wage still inflation years bad business model,[],voidbrady,,,800
189,1364724396909281280,2021-02-25 07:50:26,telling us made  like gave damn inflation still making,[],Squisite1,,,800
190,1364724349752770563,2021-02-25 07:50:14,idea inflation purely intellectual entire generation moss eco asks toddlers even know interest rate,[],opinion,,,800
191,1364724325916565504,2021-02-25 07:50:09,finance bill check inflation nigeria minister,[],daily_nigerian,,,800
192,1364724263052333058,2021-02-25 07:49:54,either thinks stupid know inflation historic cost living really stupid sounds,[],lindashoare,,,800
193,1364724249479512067,2021-02-25 07:49:51,inflation exists suits republicans,[],deliciousboot,,,800
194,1364724218202628098,2021-02-25 07:49:43,roughly years later first job fry cook paid hr thankfully inflation increase cost living since,[],Ransombr,,,800
195,1364724039235813376,2021-02-25 07:49:00,help wonder powell regrets throwing little cold water market morning given today trading multiple chances tell everyone money spigots remain wide open inflation wrong message,[],StealthQE4,,,800
196,1364724036127780866,2021-02-25 07:49:00,statistics canada hastily revises inflation higher concerns methodology,[],LevitasConsult1,,,800
197,1364724025294004225,2021-02-25 07:48:57,greenback generally weaker across board losing steam versus nzd supported rbnz bulls weaker labor market fed indecision inflation fears merge clip optimistic bulls confident stronger economy months ahead trading,"['fed', 'trading']",CryptoAltum,,,800
198,1364724018083889153,2021-02-25 07:48:55,something tells inflation rise,[],JackieOLoveMe,,,800
199,1364724007866535937,2021-02-25 07:48:53,obamacare american people needs expanded help american people minimum wage american people really minimum wage kept inflation get program negativenellie,['negativenellie'],NSetnan,,,800
200,1364724002665734145,2021-02-25 07:48:52,velocity money increasing velocity circulation indicator transactions individuals occurring frequently high velocity indicates high degree inflation,[],MoonshineOTR,,,800
201,1364723982273028099,2021-02-25 07:48:47,old look inflation cost living increase,[],ajvgriff1987,,,800
202,1364723976166113287,2021-02-25 07:48:45,called inflation moron,[],r1chard07__,,,800
203,1364723872646402051,2021-02-25 07:48:21,til inflation exist calculate see dipshit,[],Worthless_Bums,,,800
204,1364723847807737858,2021-02-25 07:48:15,inflation ever hear rise cost living ever hear stop mendacity know lying,[],Ajijaakwe,,,800
205,1364723844523638788,2021-02-25 07:48:14,look guy understanding inflation today dollars hr like hr,[],Athryn,,,800
206,1364723820066705408,2021-02-25 07:48:08,started working minimum wage hr adjusted inflation born earning hr say earning equivalent hr okay senator owning free,[],Rockwell_Jamie,,,800
207,1364723780455591936,2021-02-25 07:47:59,every one drafts inflation draft,[],KrystleMatar,,,800
208,1364723753691860992,2021-02-25 07:47:52,also spending money equipment never used blown creates inflation,[],OrganaMeliflora,,,800
209,1364723703250972679,2021-02-25 07:47:40,dollar strength means rba buy gov debt gov gets spend election winning sugar hits gets lower dollar inflation,[],BryanSuisididel,,,800
210,1364723696317816832,2021-02-25 07:47:39,senator question inflation,[],alexander_4720,,,800
211,1364723694787055619,2021-02-25 07:47:38,remembered account inflation bet change thune,[],MondoDooder,,,800
212,1364723689820930051,2021-02-25 07:47:37,growth keep inflation cutting growth changing way calculate inflation absolutely counts cut social security increasing eligibility age resulted immediate future reduction benefit,[],jchook,,,800
213,1364723665045176321,2021-02-25 07:47:31,mittees filled management yes men keep bumping   inflation panies really sweat give employees raise standard cost living increase ends performance raise,[],Sg423Sg,,,800
214,1364723657935839235,2021-02-25 07:47:30,someone please explain inflation senior senator south dakota,[],Lauryn_Fanguen,,,800
215,1364723601258250240,2021-02-25 07:47:16,sitting us senator pretends know inflation,[],nilesh12412,,,800
216,1364723558556049410,2021-02-25 07:47:06,someone please explain inflation works asshat,[],ahmadmzaghal,,,800
217,1364723492441051138,2021-02-25 07:46:50,plz figure yrs nd many times ruled consistently years loan corruption economy inflation rate jobs edu health infrastructure security fp pare everything nd policy prev govmnts nd current gov idk anything plz let know,[],zeeshanChandia4,,,800
218,1364723425806327808,2021-02-25 07:46:34,sometimes even write one inflation draft,[],Angelaboord,,,800
219,1364723408433516544,2021-02-25 07:46:30,ok times nearly right article seems grade inflation course trusted make professional judgements,[],loiskitten,,,800
220,1364723284273750024,2021-02-25 07:46:00,sir inflation south dakota,[],bradical31,,,800
221,1364723201918533632,2021-02-25 07:45:41,perform basic calculations including inflation try pretty depressing beforehand expect senators good math anymore,[],jdtechie,,,800
222,1364723157094064129,2021-02-25 07:45:30,gt man living inflation buys bitcoin gt david incorrect rambling reason gt rest us david explanation confusing please simplify gt david research paper,[],ChungusCapital,,,800
223,1364723156779470849,2021-02-25 07:45:30,investing btc want protect tesla usd inflation,"['btc', 'tesla', 'usd']",YrcOtp,,,800
224,1374873604555374592,2021-03-25 07:59:45,propensity spend highly linked source money get money given tends find way savings money earned likely create inflation,[],bordache,,,800
225,1374873565758070785,2021-03-25 07:59:36,yay inflation,[],QueFirulais,,,800
226,1374873551887507456,2021-03-25 07:59:33,love many ppl tweeting racist classist shit like well give money poor black ppl spend money supposed spent point letting sit account gaining interest rate slower rate inflation,[],bettertoenails,,,800
227,1374873501635645440,2021-03-25 07:59:21,belly inflation,[],pumpkinpussi,,,800
228,1374873494320783361,2021-03-25 07:59:19,ah late stage capitalism bane every something existence boy howdy management think pizza cupcakes helps forget making around hour minimum wage kept inflation amp productivity,[],Cra5hTig3r,,,800
229,1374873433058603011,2021-03-25 07:59:05,say raising minimum wage cause inflation bullshit boise min wage portland last checked rent pretty much,[],SierraRae1316,,,800
230,1374873369921777664,2021-03-25 07:58:49,silver bull run inevitable money success successtips markets silvereconomy silver gold metals mining goldmining wealthcreation economy free investment wealth investors inflation finance business savings global financial,"['money', 'success', 'successtips', 'markets', 'silvereconomy', 'silver', 'gold', 'metals', 'mining', 'goldmining', 'wealthcreation', 'economy', 'free', 'investment', 'wealth', 'investors', 'inflation', 'finance', 'business', 'savings', 'global', 'financial']",silverguru22,,,800
231,1374873335453020162,2021-03-25 07:58:41,inflation fears make asset prices rise,[],msfeldstein,,,800
232,1374873312971563009,2021-03-25 07:58:36,chill nothing happening nursing home deaths antifa riots still ongoing jobs us money printing inflation record us debt higher tax border crisis drug amp sex trafficking cartel covid test division cancelling,[],AnotherOne_c011,,,800
233,1374873237696376832,2021-03-25 07:58:18,believe something like though measurement basically impossible note ngdp still way target true regardless depend one thinks inflation ok ngdp target fine,[],AlanMCole,,,800
234,1374872922033164290,2021-03-25 07:57:03,disasterous international trade forecasting supply demand innovation wonder affect inflation purchasing powers,[],Ready2ngage,,,800
235,1374872903561322499,2021-03-25 07:56:58,inflation increases stop lying everything facist,[],sunmoonbuffalo,,,800
236,1374872858472509443,2021-03-25 07:56:48,already fiat inflation eating machine want print money faster yesterday,[],RidgeGarrett,,,800
237,1374872699160379393,2021-03-25 07:56:10,inflation,[],traderzeze,,,800
238,1374872614636675072,2021-03-25 07:55:49,bitcoin also inflation,[],alexjohnward,,,800
239,1374872549453094913,2021-03-25 07:55:34,yippee hyper inflation everyone,[],tgunerman,,,800
240,1374872499624800257,2021-03-25 07:55:22,think cost living increases including crazy food inflation insane rent hikes extraordinary people disability factored budget people cerb made much someone odsp,[],MicheleMcDFox,,,800
241,1374872472797896704,2021-03-25 07:55:16,kink server im threw drawing prompts someone mentioned spherical inflation never drawn seriously gave try turns able go failed timelines makes really easy get weird friends bellykink,['bellykink'],Starbison,,,800
242,1374872405131296770,2021-03-25 07:54:59,inflation,[],traderzeze,,,800
243,1374872259903426560,2021-03-25 07:54:25,way going glimps inflation every house sold another owner ready buy bigger payment,[],TimUpton14,,,800
303,1474530310020747265,2021-12-25 07:59:56,terrific history lesson reminder inflation kind natural calamity,[],mkazin,,,800
304,1474530259517194247,2021-12-25 07:59:43,think posts interactions admirable inspiring work jobs feel sick getting shafted uk gov inflation taxes etc seems never ending,[],SteveWonga0911,,,800
305,1474530205188374535,2021-12-25 07:59:31,oh  love inflation worsening race relations covid cases deaths crime unsafe cities open borders,[],NJheartdoc11,,,800
306,1474530180018356224,2021-12-25 07:59:25,anyone able school iain inflation,[],JaaayTooo,,,800
307,1474530124871651334,2021-12-25 07:59:11,wage growth kept inflation years doubt another warning sign dems,[],lpeter59,,,800
308,1474530073042636800,2021-12-25 07:58:59,son messing around dinner tonight told late get coal christmas also told probably get less coal deserved inflation gave dirty look,['inflation'],hypersonic78,,,800
309,1474529949428195330,2021-12-25 07:58:30,agree paying people causes inflation inflation mean need pay people,[],USSBank,,,800
310,1474529892847034369,2021-12-25 07:58:16,thought said inflation,[],Neovisons,,,800
311,1474529824983207942,2021-12-25 07:58:00,price manipulation inflation,[],LauraBreathing,,,800
312,1474529810261200901,2021-12-25 07:57:56,oe prend  est normal la distance ainsi que  inflation du bitcoin fait que viens dans mes dm,[],NeYaLeCrip,,,800
313,1474529772566949892,2021-12-25 07:57:47,inflation driven opportunistic multi national corporations taking advantage inflation narrative supply chain issue driven economics amp buying amp buying tantamount approval economy well,[],JoshuaJWord,,,800
314,1474529703100764161,2021-12-25 07:57:31,border trump illegal crossings biden  pounds fentanyl stopped border migrant kids ripped families reunited biden pass immi reform amp bbb concerned abt prices inflation border put ur lying mouth,[],DawnBlueberry,,,800
315,1474529698751610880,2021-12-25 07:57:30,looking inflation hedge slow growth btc eth want  money next year ftm sol luna,[],OharaDavies,,,800
316,1474529664185950209,2021-12-25 07:57:22,measurement es objective ceases useful measurement tool booth  inflation,['inflation'],Phildeez7,,,800
317,1474529639032926208,2021-12-25 07:57:16,hehe sweet,[],Purry_Kitten,,,800
318,1474529435114164225,2021-12-25 07:56:27,incorrect leaders countries impose acts decrease rates inflation help economy recover brandon didnt,[],QruitFruit,,,800
319,1474529409507995650,2021-12-25 07:56:21,love,[],Belly_Inflation,,,800
320,1474529376133865473,2021-12-25 07:56:13,inflation transitory pastor,[],JAGriebel,,,800
321,1474529196705779714,2021-12-25 07:55:30,specifically think biden cause inflation please lay,[],ShoppedDickyV,,,800
322,1474529147909148672,2021-12-25 07:55:18,shit biden bills amp policies suck especially afghanistan surrender enticing illegals invasion amp inflation,[],EarlWeeks6,,,800
323,1474528967981948928,2021-12-25 07:54:36,president nothing inflation go back school,[],jigreen70,,,800
324,1474528904547377158,2021-12-25 07:54:20,theta cash tbill new tnt token aiming better stablecoin solving following problems inflation inelasticity diversification main states expansion contraction equilibrium learn mc,['theta'],iamalienlike,,,800
325,1474528836725338112,2021-12-25 07:54:04,hmmm mention lower class homeless even mini home plexes like hong kong benefit liberalsndp trying cater middle class screwed housing economy inflation,[],HotWing77352571,,,800
326,1474528805511385089,2021-12-25 07:53:57,needs credit servicemen killed afghanistan leaving behind billions military equipment driving inflation historic levels letting pandemic rage unnecessary said get control meds,[],SAK1977,,,800
327,1474528799878483970,2021-12-25 07:53:55,inflation crazy  uav still head spinning,[],spacejunkv2,,,800
328,1474528789761826818,2021-12-25 07:53:53,true proof ever increasing poverty lift poverty temporary change tomorrow job numbers good misleading due pandemic amp seen higher wages inflation caused greed top,[],liberal_jamie,,,800
329,1474528649340665857,2021-12-25 07:53:20,gap rich poor growing sterling devalued brexit vote inflation rising may lead fall sterling flight capital businesses london country whole facing economic pressure,[],Imranicus,,,800
330,1474528601156595712,2021-12-25 07:53:08,inflation open borders merry christmas present democrats,[],MorySchwartz,,,800
331,1474528596173729797,2021-12-25 07:53:07,grade inflation everywhere,[],suzylebo,,,800
332,1474528488954683396,2021-12-25 07:52:41,investors throw cash etf inflation name carbon neutral crypto spot etfs launch canada another bitcoin futures etf bites dust bitwise bullish pure bitcoin etf dropping futures filing,[],MontyHenry1,,,800
333,1474528424551239681,2021-12-25 07:52:26,lower wages higher immigration higher inflation means necessary,[],bruce99340413,,,800
334,1474528359497363462,2021-12-25 07:52:10,christmas needs cancelled covid years babe able pay credit cards inflation,[],twunktrap,,,800
335,1474528313540554754,2021-12-25 07:52:00,relying billionaire understand people go pitiful benefits zero hour contracts sick pay abused whilst working hospitality nhs inflation raising national insurance contributions plus sky high gas electricity prices,[],mywonderfulbest,,,800
336,1474528250667974661,2021-12-25 07:51:45,class help crap biden mounting inflation highest years unsecured borders covid amp ing unabated high gas amp energy prices uptick crime smash amp grab thefts food prices supply chain issues,[],Peyton26804644,,,800
337,1474528196338991107,2021-12-25 07:51:32,rent rises yet measured filter higher services inflation ing months viawsj,[],garrettjblack,,,800
338,1474528087534673929,2021-12-25 07:51:06,biden christmas gift america inflation debt recession build back bankrupt turns another major failure joe biden nancy pelosi read,[],RightSpeaknet,,,800
339,1474528065401274377,2021-12-25 07:51:00,st quarter end ole joe qb thrown pick southern border vp pick inflation crime respect enemies amp higher energy costs quarters left bad news back qb kamala worse ole joe,[],tbordelon225,,,800
340,1474528056056299521,2021-12-25 07:50:58,prosperity cards stacked deck squeezing us  inflation price gouging things need live consumers labor costs body amp mind exceeding hrs day employees dystopia,[],benjamminweed,,,800
341,1474528052113780739,2021-12-25 07:50:57,anything underlying demand weak many places say demand cars china prior chip shortages one considers missing pent demand supply driven inflation making people think economies overheated really,[],claudes24060374,,,800
342,1386107601524559872,2021-04-25 07:59:39,sugar high comes mass amounts liquidity pumped economy dumb ass politicians inflation already,[],GRIP2013,,,800
343,1386107537875931140,2021-04-25 07:59:24,ahh think misunderstood initial post intended response justification reducing capital gains taxes account inflation economist agree longer explanation good luck campaign,[],RecheckN,,,800
344,1386107536558985216,2021-04-25 07:59:24,oliveoil lubricant take inflation deep inside,['oliveoil'],rokkosanto,,,800
345,1386107388474761218,2021-04-25 07:58:48,effects usd inflation interest rates factored greenspan put gt tech bubble look chart production still going new free trade policies changed plus wars decline preceded wars,[],PopularLiberty_,,,800
346,1386107222120226818,2021-04-25 07:58:09,hope everyone holding money bank knows currency inflation,[],Kevin5Garcia01,,,800
347,1386107044738912256,2021-04-25 07:57:26,keep savings monetary inflation definition stealing savings,[],DefencePirc,,,800
348,1386106973066760200,2021-04-25 07:57:09,dont think beta test net good way measure though know saying see im definitely voting either lower abolish flr inflation model little much,[],BabaCugsworth,,,800
349,1386106912543027202,2021-04-25 07:56:55,look like dollar biggest spike sideways profit corps reflection dollar devaluation hyperlike inflation,[],charlessegal14,,,800
350,1386106804933890048,2021-04-25 07:56:29,xrp mmunity xrp inflation goal time xrptothemoon,"['xrp', 'xrpcommmunity', 'xrptothemoon']",CryptoGrandmast,,,800
351,1386106619885457412,2021-04-25 07:55:45,biden wants limit us lbs red meat one hamburger per month way make red meat unaffordable expect shortages massive inflation,[],MichaelTruGrit,,,800
352,1386106550767456256,2021-04-25 07:55:28,example nominal gain real gain adjusted inflation federal taxes owed counting amts owed state,[],nle_golf,,,800
353,1386106430382657543,2021-04-25 07:55:00,inflation,[],MoatlessCapital,,,800
354,1386106380856270857,2021-04-25 07:54:48,tiger force created public money control inflation help civil administration corona epidemic far one seen tiger force action atifrauf,[],Muhamma96360188,,,800
355,1386106378834440198,2021-04-25 07:54:47,deceptive remember told grow interest thought stay grows indexation inflation,[],hxctropius,,,800
356,1386106344462237705,2021-04-25 07:54:39,inflation si retaaa,[],RedDrexi,,,800
357,1386106339072483328,2021-04-25 07:54:38,hilarious remember inflation dear citizen,['inflation'],RenegadeBankstr,,,800
358,1386106290707988482,2021-04-25 07:54:26,seems inflation catching conversions earlier rice bag rs liberals must happy growth,[],madrasmanaar,,,800
359,1386106201264607236,2021-04-25 07:54:05,primarily   capital gains adjusted inflation say buy cash  years later sell  annual inflation period federal tax rate nominal basis real basis,[],nle_golf,,,800
360,1408213339587584002,2021-06-25 07:59:58,increase due inflation written law,[],mmkayrulz,,,800
361,1408213308922994692,2021-06-25 07:59:50,aarp report retail drug prices continued rise faster inflation pandemic analysis shows medicare part spent nearly billion top brand name drugs due price increases exceeded general inflation rate,[],PhoenixTVUSA,,,800
362,1408213282427711490,2021-06-25 07:59:44,economy seg emergingmarkets inflation iran weak economy semiconductors shortfall amp pricing stretched amp delayed supplychains china droughts amp grains shortfall usd positioning amp fed activity eft asia econtwitter fintwit inflation,"['economy', 'emergingmarkets', 'iran', 'semiconductors', 'supplychains', 'china', 'grains', 'usd', 'fed', 'eft', 'asia', 'econtwitter', 'fintwit', 'inflation']",markfny,,,800
363,1408213242695061509,2021-06-25 07:59:35,sounds money soon evry system hype inflation steps away thats joice part losing winner,[],migafreeman,,,800
364,1408213165104582665,2021-06-25 07:59:16,poll percent believe inflation main economic concern americans topping taxes unemployment president trump sid best biden destroy economy,[],Markmey96268997,,,800
365,1408213135941636104,2021-06-25 07:59:09,fed always bond market many believe hell breaks loose couple years interest rates explode inflation beginning experience,[],hypersonic78,,,800
366,1408212966512660480,2021-06-25 07:58:29,lower tax inflation tax lol,[],RWong1975,,,800
367,1408212852054261760,2021-06-25 07:58:01,like inflation control geniuses try quell buy adding even money economy diluting value even,[],boozifer99,,,800
368,1408212789102063616,2021-06-25 07:57:46,current inflation monetary phenomenon either really quite obvious bother looking inflation ing things like shipping bottlenecks obviously monetary,[],Rheiji1,,,800
369,1408212750128590851,2021-06-25 07:57:37,good read behind recent rise core inflation via san francisco fed,[],MichaelGoodwell,,,800
370,1408212664682266631,2021-06-25 07:57:17,cea kv subramanian expects food inflation ease unlock good monsoon,[],newsx24channel,,,800
371,1408212618049843203,2021-06-25 07:57:06,us market infrastructure deal funny market sees positive deal keeps shrinking size boe left things per flagging inflation yield usd oil higher metals lower markets investing trading asx stockmarkets stocks,"['markets', 'investing', 'trading', 'asx', 'stockmarkets', 'stocks']",EquityAus,,,800
372,1408212577142730755,2021-06-25 07:56:56,inflation covid recover reason inflation rate expected taxes president biden tax plan increase taxes making  top panies paying fare share unemployment rate month month america americans,[],CliffUehara,,,800
373,1408212546964889601,2021-06-25 07:56:49,great piece inflation apmacro,['apmacro'],MsTracyMiller,,,800
374,1408212546469842948,2021-06-25 07:56:49,like said inflation high taxes problem raising minimum wage anything create inflation near future solution get degree get job move fast able spanish imigrant rest,[],SpaceMonkey69_,,,800
375,1408212538764976134,2021-06-25 07:56:47,rising cost living stagnant wages inflation amp debt get everything everyone wants okay afford,[],AlexSan22520328,,,800
376,1441553014850949122,2021-09-25 07:59:56,costco nike fedex warning inflation set hit consumerscnbc cost nke fdx,['inflation'],BrianTycangco,,,800
377,1441552988179349504,2021-09-25 07:59:49,embracing pedantic side moment say may great example linguistic inflation,[],AlextheZee,,,800
378,1441552927211069441,2021-09-25 07:59:35,imagine blaming biden inflation,[],LevityNYC,,,800
379,1441552768175648769,2021-09-25 07:58:57,tell inflation rates protecting gains still means walking away better defi risky helping risk,[],InsurAce_io,,,800
380,1441552607051321347,2021-09-25 07:58:18,say inflation around since interest rate usdc,[],Ivoteformyself,,,800
381,1441552594833448966,2021-09-25 07:58:16,work hard lose money inflation get habit investing month  millionaire time click learn exactly invest aff,[],0xTW_,,,800
382,1441552592778059778,2021-09-25 07:58:15,savings accounts lt annual returns inflation also takes money start investing investing beat inflation investing patience builds wealth time investing fuels early retirement investing makes money work,[],0xTW_,,,800
383,1441552567092273152,2021-09-25 07:58:09,inflation rising naturally pandemic starting slow econmoists think long term issue literally name one president recent years accidentally drone striked civilians border great,[],Kenobi_San_,,,800
384,1441552481205555200,2021-09-25 07:57:48,hulk toss bear soon inflation run wild,[],Gold_Gravy,,,800
385,1441552367825002496,2021-09-25 07:57:21,shortly small group turkish academics began publishing findings inflation late last year data began reflect many turks already suspected prices rising twice fast government claimed ftaylajean,[],A_Reader_FT,,,800
386,1441552328633561095,2021-09-25 07:57:12,joe biden overspending causing inflation making prices everything go mention mess made afghanistan totally unnecessary mention barely finish sentence without screwing unfit duty,[],jjl290,,,800
387,1441552120856170500,2021-09-25 07:56:23,given building skyscrapers bridges etc cheaper vs even adjusting inflation really much better seems plausible,[],neipate96,,,800
388,1441551995840630784,2021-09-25 07:55:53,supply chain disruptions apparent desire world governments embark endless spending sprees keeping inflation concerns front center investors precious metals week review september th bullionpmi wir,"['bullionpmi', 'wir']",pmi_ky,,,800
389,1441551782430195717,2021-09-25 07:55:02,nibble away sth slowly reduce something even inflation low nibbles away people savings reducing value considerably several years,[],VocabularyNew,,,800
390,1441551461024927744,2021-09-25 07:53:45,inflation temporary prices leveling,[],DoubleGee07,,,800
391,1441551072124829700,2021-09-25 07:52:12,nations literally steal daily basis via inflation wake,[],gooniebrad,,,800
392,1441551026415226887,2021-09-25 07:52:02,brilliant way break inflation jack rates fed knows suicide mission anyone guess ends likely ton pain wheelbarrows full cash buy bread hobos riding trains,[],ShakaWarspite,,,800
393,1441550999680864258,2021-09-25 07:51:55,arizonaaudit joe biden fucking moron change mind fuckbiden gasprices inflation bordercrises afghanistandebacle middleeastcrises bidenremorse impeachbiden covidcrises deltavariant violenceinbluecities trumpwon bidencheated bidenisaclown,"['arizonaaudit', 'fuckbiden', 'gasprices', 'inflation', 'bordercrises', 'afghanistandebacle', 'middleeastcrises', 'bidenremorse', 'impeachbiden', 'covidcrises', 'deltavariant', 'violenceinbluecities', 'trumpwon', 'bidencheated', 'bidenisaclown']",FuckJoeBiden,,,800
394,1441550728573693952,2021-09-25 07:50:51,es incumbent executive amp treasury make debts good either pay tax es debt covered likely print money cover course causes inflation amp devaluation dollar,[],UilleccDubh,,,800
395,1441550723972538371,2021-09-25 07:50:49,heck almost generous lol low rate amp inflation negative return,[],up2bKrzy,,,800
396,1441550670964920320,2021-09-25 07:50:37,see rd th th th th like fish story grows  keeps growing never stops stinking proud biden enjoy inflation losers,[],StevenCThompso7,,,800
397,1441550653508268032,2021-09-25 07:50:33,stupid inflation,[],zombiealbum,,,800
398,1441550533521600517,2021-09-25 07:50:04,organizational debt due title inflation since mon trope titles cheapest thing give employees silent killer,[],nikillinit,,,800
399,1441550456086351876,2021-09-25 07:49:46,make big difference vote sad situation see families kids facing eviction caring people politicians rents expensive corporations need pay workers hour keep inflation,[],RosalindaDCast1,,,800
400,1441550444891869186,2021-09-25 07:49:43,anything literally anything gone good right good biden one crisis shit show another spent trillion crime inflation invasion border holy shit man,[],HiddenOG,,,800
401,1441550390588153862,2021-09-25 07:49:30,linked paper inflation mentioned bygeneraltheorist best amp funniest economics paper read quite rudd author leads quote dashiell hammett amp footnote adorable opening bullet points made cheer,['economics'],jteelms,,,800
402,1441550355385438208,2021-09-25 07:49:22,weird problem obviously people payed enough pay much inflation happens think es wages probably adjusted depending standard living area places need hour others get away less,[],Sneakman3,,,800
403,1463658678783864832,2021-11-25 07:59:57,imagine thinking democrats legislation already gone effect let alone caused inflation rise year,[],thenextvinnie,,,800
404,1463658667308367872,2021-11-25 07:59:54, storm rider official page nov pm heated protests southern spain metalworkers city  diz expanded protest efforts demand higher wages line rapid national inflation around workers began indefinite,[],enrique14301738,,,800
405,1463658643216289795,2021-11-25 07:59:48,daughter tooth fell naturally threw american flag blanket amp went put bill pillow woke needless say terrified tales currency inflation crypto federalreserve tezos,"['crypto', 'federalreserve', 'tezos']",Davis_AlexD,,,800
406,1463658630897717248,2021-11-25 07:59:45,know inflation us thing,[],32pjgPdO9OGaxXO,,,800
407,1463658622488133639,2021-11-25 07:59:43,obviously members congress care voters suffer inflation get reelected,[],gunneybones1,,,800
408,1463658591152390152,2021-11-25 07:59:36,bitcoin fights inflation inflation rising teaching invest earn cryptocurrency bitcoin precise making passive  reach via dm interested learning cryptocurrencies,[],alexpetar_,,,800
409,1463658580339576839,2021-11-25 07:59:33,interesting look aggregation problem price indices overall index inflation quoted headlines may bear little resemblance price changes ponent level,[],RomanchukBrian,,,800
410,1463658579869589505,2021-11-25 07:59:33,inflation invisible beast like lies central banks,[],Iamanirudhsethi,,,800
411,1463658570545868803,2021-11-25 07:59:31,right es governments printing money devaluing existing dollars system greedy bastards,[],2140btc,,,800
412,1463658550471925763,2021-11-25 07:59:26,inflation,[],fi_nordic,,,800
413,1463658512311996420,2021-11-25 07:59:17,inflation us happening alarmed americans,[],safic_alexander,,,800
414,1463658475431493634,2021-11-25 07:59:08,gallon congratulations rampant inflation,[],501c3Sports,,,800
415,1463658458927046674,2021-11-25 07:59:04,joe biden spending thanksgiving billionaires house americans suffer effects inflation expensive thanksgiving history thought fir working class,[],JoseFer58121921,,,800
416,1463658458805374979,2021-11-25 07:59:04,inflation great debters go properly leveraged,[],ogmathteach,,,800
417,1463658429717925897,2021-11-25 07:58:57,yea happy tp turkey back stock rest entire supply chain follow suit good news inflation folks worry rest things available price basic needs,[],salteespitoon,,,800
418,1463658422889586690,2021-11-25 07:58:56,carbon tax nothing current inflation example represents cents increase gas starting january st hardly inflationary,[],macrurdn,,,800
419,1463658392149544960,2021-11-25 07:58:48,erdo gambles economy amid protests rocketing inflation turkey,[],WaYs2rOcK,,,800
420,1463658384847163394,2021-11-25 07:58:47,media thing biden beto biden cut childhood poverty half got infrastructure bill passed vaccines free available low unemployment created million jobs wages msm inflation,[],TexasforBeto1,,,800
476,1419084970040061955,2021-07-25 07:59:56,berry    mistake steelbeak blueberry inflation story,[],SwatTheFox,,,800
477,1419084865689903104,2021-07-25 07:59:31,berry    mistake steelbeak blueberry inflation story,[],SwatTheFox,,,800
478,1419084809603883008,2021-07-25 07:59:18,dollar store accounting inflation,[],kjsigmund,,,800
479,1419084795775234048,2021-07-25 07:59:15,yup agree stop lying ur town hall lied many times first said crime went said inflation happening even tho barley afford gas want country well fix border cost,[],Lookatmenow1989,,,800
480,1419084754238988290,2021-07-25 07:59:05,inflation check panies raising prices,[],JR4MAGA,,,800
481,1419084554040606722,2021-07-25 07:58:17,democrats wasting tax dollars trillions taxes need go higher let count inflation gas food,[],jackshahbazian,,,800
482,1419084503453106179,2021-07-25 07:58:05,berry    mistake steelbeak blueberry inflation story,[],SwatTheFox,,,800
483,1419084456233775110,2021-07-25 07:57:54,bitcoin inflation uncontrollable governments eeuu,"['bitcoin', 'eeuu']",Ronmer59276968,,,800
484,1419084410977234955,2021-07-25 07:57:43,die  der gr nen decken gerade die inflation im lebensmittelbereich ab,[],markusschmalzri,,,800
485,1419084391192555522,2021-07-25 07:57:38,berry    mistake steelbeak blueberry inflation story,[],SwatTheFox,,,800
486,1419084368308359168,2021-07-25 07:57:33,btc ethereum gold solution inflation,"['btc', 'ethereum', 'gold']",lokman547,,,800
487,1419084165207764998,2021-07-25 07:56:44, maine lb lobster minus inflation,[],JackHeitch,,,800
488,1419084072580616197,2021-07-25 07:56:22,please watch tips generally good leading indicator pm course inflation expectations tips moving strongly recent days suggesting imminent turn pm,[],vm1953,,,800
489,1419084022978945028,2021-07-25 07:56:11,yeaaaa fistbump especially see seen sudden inflation numerous people claiming alts different personalities help feel people trend feels cool edgy different,[],Zedplex1,,,800
490,1419083963893784576,2021-07-25 07:55:56,yeah think see inflation going value dollar going gas food prices going idiot stop trusting guy people,[],Christo55651232,,,800
491,1419083830133026818,2021-07-25 07:55:25,transitory inflation,[],rkelly723,,,800
492,1419083521893744649,2021-07-25 07:54:11,contract care new investors pays inflation stakers hex sure earlier stakes gotten shares stakes vs usd usually like everything guy paid less,[],TurnCrypto,,,800
493,1419083497466220546,2021-07-25 07:54:05,minimum wage yield cheesecake factory lunch inflation always catches rise wages go hand hand minimum wage countrywide turn minimum wage nyc ca etc cycle never end small businesses obliterated,[],Ryan42089090,,,800
494,1430318979868934144,2021-08-25 07:59:53,heartbreaking stories afghanistan amp also havepotus poll slipping amp inflation yay kennedy tonight  darksecretplacerochelleritchiekristinbtatecombatflipflopstombevanrcpjonathanhoenig pet pt onfoxbusiness,"['afghanistan', 'inflation', 'kennedy']",KennedyNation,,,800
495,1430318916367233027,2021-08-25 07:59:38,inflation,[],sloppylew,,,800
496,1430318830409195520,2021-08-25 07:59:17,plus gas inflation open borders stranded americans afghanistan shutting domestic oil asking opec pump yeah bang job far sleepy joe,[],goleary1369,,,800
497,1430318823907995650,2021-08-25 07:59:16,absolutely agree pandemic like war wars inflationary disrupted everything early innings pandemic solved amp forgotten inflation persist,[],x2IndSpeculator,,,800
498,1430318668915818506,2021-08-25 07:58:39,hope everyone put piece shit selected president happy stranded afghanistan wide open border covid infected illegals inflation wages says raise corp taxs simply dump consumer pure economics failure go joe,[],LurkBat,,,800
499,1430318583737901059,2021-08-25 07:58:19,independents moderate reps dems thought even obviously senescent old man better trump people see covid care president see results joe decisions eg border inflation biggest international embarrassment since iran,[],chachi6775,,,800
500,1430318497192718337,2021-08-25 07:57:58,bernie inflation kills us,[],sparta_fl1,,,800
501,1430318434982711298,2021-08-25 07:57:43,passes fed finances doubling qe usd bust elections amp lower afterwards double digit inflation pretty much government insanity,[],TOzgokmen,,,800
502,1430318428716339200,2021-08-25 07:57:42,inflation food shortages sure prepared,[],richiegogo,,,800
503,1430318358172475394,2021-08-25 07:57:25,one reason increasingly deflation potential inflation effects fade six months ago february something easily forgotten never anything nuisance instead charts,[],JeffSnider_AIP,,,800
504,1430318333123985410,2021-08-25 07:57:19,listen everymacrovoices podcast one clint cox anddrpippam must pippa always makes things clear early ton things recently inflation digital currencies defi revolution,[],1ahmedh1,,,800
505,1430318322063527939,2021-08-25 07:57:16,want another reason care vaccine inequality contributes inflation unvaccinated manufacturing countries like vietnam forced shut factories unable meet demand vaccinated world,[],JonathanEmont,,,800
506,1430318225766502402,2021-08-25 07:56:53,national debt printing money think national debt primary driver inflation,[],not_that_Q,,,800
507,1430318211589939208,2021-08-25 07:56:50,inmates use ramen money causing inflation jails,[],mikecoonomics,,,800
508,1430318202492358659,2021-08-25 07:56:48,wrong workers families going pay one way another likely though inflation business passing higher taxes consumers wait uproar people learn ending step cost basis inherited assets cost,[],Husky_Fan_335,,,800
509,1430318158213271553,2021-08-25 07:56:37,  construction manufacturing push wage inflation bbg,[],LiveSquawk,,,800
510,1430318102923956226,2021-08-25 07:56:24,pays big small business return raise prices return inflation inflation poor middle class indirect tax es,[],sparta_fl1,,,800
511,1430317967766695936,2021-08-25 07:55:52,thrilled find sq foot house current low interest rates high inflation interest rates rise may case hate see many people lose homes like,[],TheVelourFog33,,,800
512,1430317912254996484,2021-08-25 07:55:38,brexit issue though supply chains wrecked covid plenty shortages inflation  know guys point seen replies like plaut realize global pandemic,[],RobbieAbraham00,,,800
513,1430317727986634753,2021-08-25 07:54:55,much hidden tax feds say need another trillion erodes savings money print less worth yes always inflation matter fast rises live every day pany,[],Freethinker__1,,,800
514,1430317660919709700,2021-08-25 07:54:39,weird people care inflation es buying cars toys stuff es feeding families unbelievably cruel,[],okprogressnow,,,800
515,1430317633455497216,2021-08-25 07:54:32,true printing money thin air creates inflation look educated,[],LegionGames2076,,,800
516,1430317525364060161,2021-08-25 07:54:06,libtard carbon tax everything needed live sparks inflation slowly makes everyone poor,[],Chris91138742,,,800
517,1430317382778695683,2021-08-25 07:53:32,people blame oil gauge rather fix car blame somebody else car blows problem warning people love tesla elon overpriced stock market inflation coming,[],mid_capital,,,800
518,1430317364017520645,2021-08-25 07:53:28,biden wants americans spread vaccinations open borders inflation hi taxes crime thru roof socialist rollout titled infrastructure plan leaving americans stranded foreign land amp cowardiceness action decision time biden resign country,[],GhandhiUSA,,,800
519,1430317330299555840,2021-08-25 07:53:20,ran inflation calculator wow like today,[],dollarstorepope,,,800
520,1430317297676308484,2021-08-25 07:53:12,yet republicans blame inflation biden see irony,[],PrimeTym21,,,800
521,1430317254479171586,2021-08-25 07:53:02,mon think desired annual retirement  percentage current  factors lifespan inflation medical costs affect future retirement ,[],becuinvestments,,,800
522,1430317225567690754,2021-08-25 07:52:55,biden getting endless expensive war deaths money well trump talked nothing like usually border crisis ongoing inflation due covid supply chain issue oil line hacks crime wave started trump continues,[],Johninslo1,,,800
523,1430317204789211140,2021-08-25 07:52:50,say inflation due biden also make statement trump horrible job numbers,[],PrimeTym21,,,800
524,1430317157380882434,2021-08-25 07:52:38,solutions immigration inflation covid vaccine resistance masks schools afghanistan economy evictions much harder  solutions blame others point fingers spew party rhetoric,[],bronxbaby4u,,,800
525,1430317143636250625,2021-08-25 07:52:35,reconciliation bill fails chance inflation drops really biden hope keep house dems got great christmas gift hershel walker running senate takes ga table  pickup unless gigantic wave,[],fakastler,,,800
526,1430317124791291904,2021-08-25 07:52:31,gop input dems reckless trillion budget inflation runs rampant need turn printing presses amp identify real need investment future generations afford irresponsible spending,[],RepFredUpton,,,800
527,1430317074497351680,2021-08-25 07:52:19,inflation ratified spanish conquest aztec inca empires spanish conquistadores hern  cort francisco pizarro well establishment klein venedig german welser family search legendary el dorado ultimately charles ,[],DavidCranmerUn1,,,800
528,1430316975293665281,2021-08-25 07:51:55,also im rlly looking ideas involving fullbody inflation rn sorry tummy sections  fine,[],chewtoybnuy,,,800
608,1474528035068067842,2021-12-25 07:50:53,yeah right biden mounting inflation highest years unsecured borders covid amp ing unabated high gas amp energy prices uptick crime smash amp grab thefts food prices supply chain issues,[],Peyton26804644,,,800
609,1474527970794643466,2021-12-25 07:50:38,many things cause irregular tire wear included inflation tires good news know read tire wear help get vehicle back track,[],SimpleSimonTire,,,800
610,1474527968563109888,2021-12-25 07:50:37,segwit continue without least doubling price every years removing built reduction block subsidy want inflation bitcoin keep scam afloat narrative gradually move way approach next halving,[],m_murfy,,,800
611,1474527886380085257,2021-12-25 07:50:18,inflation eat month savings seconds,[],mikell24,,,800
612,1474527833280204801,2021-12-25 07:50:05,stock hd home depot news top blue chip stock handle soaring inflation motley fool try best pivot point calculator tradingview stocks stockstowatch,"['tradingview', 'stocks', 'stockstowatch']",bs_marker,,,800
613,1474527751935778821,2021-12-25 07:49:46,keep hoping inflation stop supposed transitory obviously us different meaning word biden country right track border secure hope sleep every night,[],MoldySockPuppet,,,800
614,1474527695774138368,2021-12-25 07:49:32,inflation direct taxation borrowing main ways government spending funded,[],ChrisCa72899864,,,800
615,1474527683560288257,2021-12-25 07:49:29,country far biden admn caused mounting inflation highest years unsecured borders covid amp ing unabated high gas amp energy prices uptick crime smash amp grab thefts food prices supply chain issues,[],Peyton26804644,,,800
616,1474527561950638085,2021-12-25 07:49:00,wage growth kept inflation years screw perfectly good rant facts,[],lpeter59,,,800
617,1474527483026456586,2021-12-25 07:48:42,turkish people already btc crypto especially since inflation skyrocketed matter whatever bill turkish officials adopt support,[],seleniumnxp,,,800
618,1474527288536436736,2021-12-25 07:47:55,dude chanting fuck joe biden games fans never left give attention sports woke ass media told us vote biden inflation sky rocketing obviously clue talking anyways kinda like,[],AnthonyLines13,,,800
619,1474527235587641345,2021-12-25 07:47:43,amazing idea pay extra check bag flown separate faster plane like fighter jet sr per mercial flight double pilots double air crews triple convenience inflation bye bye,[],ByYourLogic,,,800
620,1474527188598734849,2021-12-25 07:47:31,actually lot first year much focused inflation democrats infighting progressives going media gripping get pet legislation also helping bills promises,[],Ramrod316,,,800
621,1474527089210519552,2021-12-25 07:47:08,insulted inflation live,[],LoyalAzCitizen,,,800
622,1474527026707116039,2021-12-25 07:46:53,omg dude term inflation literally refers expansion credit currency every economic theory ones condone policies back school lad,[],bengordonshow,,,800
623,1474526940946046981,2021-12-25 07:46:32,inflation stole money shorts,['shorts'],RedivexNews,,,800
624,1474526896327065600,2021-12-25 07:46:22,christmas scratchers losers year brandon planning fighting inflation,[],BitterAsianMan,,,800
717,1408212514828025858,2021-06-25 07:56:41,ok great nonetheless stable predictable monetary policy remains important keeping inflation bay vastly different current monetary fiscal policy,[],Simplyt66442038,,,800
718,1408212376793628672,2021-06-25 07:56:08,going drop  shoot back go  end year next summer inflation higher,[],ZTheTruth,,,800
719,1408212356405121025,2021-06-25 07:56:03,friend dollar question guess inflation million dollar question thinking multiple choice,[],Pop97579734,,,800
720,1408212240923303936,2021-06-25 07:55:36,covid covid covidorigincnnapnprabcnbcnewswspwsj trump usa america fortdetricfederalreserve inflation currency stockmarkets long canmexico take inflation overnight rate us still around domino collaps,"['covid19', 'covid_19', 'covidorigin', 'trump', 'usa', 'america', 'fortdetric', 'inflation', 'currency', 'stockmarkets', 'domino']",DeloneStan,,,800
721,1408212223856574468,2021-06-25 07:55:32,apologize ability prehend fathom referring current inflation word diligent using exact words instead vague pronouns next time,[],Simplyt66442038,,,800
722,1408212220421578752,2021-06-25 07:55:31,indeed fascinating debate thebankofengland prepared risk little inflation devalue government debt eschewing rate rises spelt indebted public pay heavy personal price,[],AlStewartOBE,,,800
723,1408212218072735745,2021-06-25 07:55:30,look rear view mirror inflation risk  object close appears closer hedge bitcoinjoecarlasarebitcointinajimmysongbritishhodltheamericanhodldonnaredelneiljacobs,['bitcoin'],RegulatoryJason,,,800
724,1408212141941747716,2021-06-25 07:55:12,fed policymakers worry high inflation bacon used cars stick around longer stay high tho maybe high others highlight depth jobs hole aim getting job every american wants one,[],annsaphir,,,800
725,1408212101252804613,2021-06-25 07:55:02,biden plan driving biggest surge inflation nearly years consumer prices rising may year ago,[],BlueInk83887415,,,800
726,1408211951331680258,2021-06-25 07:54:27,inflation,[],PTTMacro,,,800
727,1408211862974468103,2021-06-25 07:54:06,inflation really happening,[],ChillCandace,,,800
728,1408211686574620674,2021-06-25 07:53:24,mean favor raising wages cuz inflation get anyways,[],jiemiev,,,800
729,1408211621755953161,2021-06-25 07:53:08,wnba might move bet tickets aint  arena concessions babes floor wit long hair wnba girls got next inflation made supporter sorry bron,[],JohnsonGotTools,,,800
730,1408211553745244160,2021-06-25 07:52:52,biden bucks hit bank accounts bitcoin stock market inflation going,['bitcoin'],theDL23,,,800
731,1408211496165855236,2021-06-25 07:52:38,inflation horrible everybody need raises,[],9xsCharlieSheen,,,800
732,1408211490096750595,2021-06-25 07:52:37,man insane legit scary stuff inflation,[],joebeanieo,,,800
733,1408211426267877382,2021-06-25 07:52:21,sure inflation defi tokens holding transitory,[],RNR_0,,,800
734,1408211339563110401,2021-06-25 07:52:01,visit sink estates food bank hospital going critical rape victim get justice interest rates go inflation surges pensioners start dying winter poverty ya gonna,[],KickAssGirl62,,,800
735,1408211334748164100,2021-06-25 07:52:00,keep say rent inflation overall tell,[],RWong1975,,,800
736,1408211329186369537,2021-06-25 07:51:58,looks like mexico guts hike rates fight inflation isnt backing dont expect much fed transitory peso soars mexican central bank shocks unexpected rate hike,"['inflation', 'fed']",crushthemarket,,,800
737,1408211322173546501,2021-06-25 07:51:57,mindset back late th century makes think poor people work get month truly understand basic economics growth wages inflation,[],XarTario,,,800
738,1408211299939532803,2021-06-25 07:51:51,government thinks inflation adjusted cap maximum assets roth ira pass legislation accordingly people penalized stock appreciating rapidly,[],ctwy,,,800
739,1408211260412465166,2021-06-25 07:51:42,afraid inflation except afraid market reaction aka inflation expectations inflation expectations kill,[],signpost365,,,800
740,1408211200798859269,2021-06-25 07:51:28,boe forecasting inflation peak economic bounce back briefly  soon need raise interest rates,[],Blue_Casketeer,,,800
741,1408211074638352385,2021-06-25 07:50:58,hearing inflation running much hotter economy likely slow fed  fascinating watch unfold dollar remains wildcard see reason veer hypothesis,[],jkatcher74,,,800
742,1408211002336948224,2021-06-25 07:50:40,job hole inflation fed policymakers split risk view,[],rienz_reviews,,,800
743,1408210966513287176,2021-06-25 07:50:32,half people rent inflation remaining half majority mortgage payments  lot cheaper lower rate deflation new cash full paid buyers get inflation weight get inflation,[],junkjun82187832,,,800
744,1408210883059195905,2021-06-25 07:50:12,mario gibney paul exactly point need context know meant word inflation,[],JallyWhiskey,,,800
745,1408210847994986506,2021-06-25 07:50:04,markets stay high inflation bring viayoutube,[],claudiobarra2,,,800
746,1408210644000665603,2021-06-25 07:49:15,yep one realized maybe nash argument ideal rate inflation zero,[],duringo_,,,800
747,1408210628267945990,2021-06-25 07:49:11,inflation admit always improving,[],SwaggyStocks,,,800
748,1408210575163723777,2021-06-25 07:48:59,fact provided friedman quote mean learned inflation better,[],Simplyt66442038,,,800
749,1408210544948133892,2021-06-25 07:48:51,massive inflation horizon happening mean tweets,[],glorygal37,,,800
750,1408210439264260100,2021-06-25 07:48:26,tail end correction economy may see major correction later year inflation keeps getting pushed aside prices keep going building supplies lumber,[],JustinMarkish,,,800
751,1408210413028659202,2021-06-25 07:48:20,given multiple ways people use term inflation think context important,[],duringo_,,,800
752,1408210398503911425,2021-06-25 07:48:16,boc seven cpi inflation versions including cpix,[],PhilSmith26,,,800
753,1408210346163179527,2021-06-25 07:48:04,interview tidwell jally ultimately agree sumner inflation pointless,[],Truthcoin,,,800
754,1408210296192253957,2021-06-25 07:47:52,dow futures rise points helped nike earnings key inflation report ahead,[],CNBCi,,,800
755,1408210275069620229,2021-06-25 07:47:47,need high inflation rate need high cost living,[],BlueInk83887415,,,800
756,1408210263925526530,2021-06-25 07:47:44,loving hyper inflation,[],KarlRobinson02,,,800
757,1408210194929045506,2021-06-25 07:47:28,joke afaik generally accepted definition inflation general rise price goods people seem use various ways incorrectly interview paul assumed nash position based quote taken context,[],duringo_,,,800
758,1408210192404148225,2021-06-25 07:47:27,say first stage inflation post war germany stimulated response denial,[],79Bronzer,,,800
759,1408210191892594689,2021-06-25 07:47:27,inflation many categories advice offers ways manufacturing entities plan perhaps even take advantage inflation business,[],JRHuckaby2,,,800
760,1408210181335523328,2021-06-25 07:47:25,pretty sure say fair know hick works day oh please stop printing money inflation going wreck small towns lot food grown,[],jopossom,,,800
761,1408210179334701062,2021-06-25 07:47:24,sounding like north korea shame one regulate destroying middle class inflation artifical stock market bubble created benefiting something else,[],flex98792374,,,800
762,1408210143951482880,2021-06-25 07:47:16,obviously exaggeration demand lower prior covid believe amount monetary policy leads inflation consumer prices bottlenecks regulations shot prices copper iron silver gold tin corn beef etc,[],mikekra85900718,,,800
763,1408210134959112193,2021-06-25 07:47:14,top federal reserve officials admit soaring consumer prices may last longer anticipated despite fed chair jerome powell insisting inflation surge transitory via,[],Emperessguinn,,,800
764,1408209891718729729,2021-06-25 07:46:16,inflation lumber  much groceries twice much get,[],GgSkleeners,,,800
765,1408209843601784835,2021-06-25 07:46:04,inflation,[],elephantpeppy,,,800
766,1408209728795136001,2021-06-25 07:45:37,present admin wala pang pandemic sadsad na ekonomoya natin taas na ng inflation rate sandamakmak na dinagdag ng utang natin considering na mat nakalaan ng budget para sa ibang infrastracture na nakaplano na sa admin njya na ngayon naumpisan sa bagong admin,[],MyleneG94308428,,,800
767,1408209658506977281,2021-06-25 07:45:20,inflation started last year round one printing biden dems printed trillion hyperinflation maybe study money works instead many genders muppet,[],Lama911Z,,,800
768,1408209582376329226,2021-06-25 07:45:02,good stuff done clown inflation rising higher gas food housing prices unemployment growing best stagnant people unwilling leave gov teat work yeah great job really screwed time,[],jackisasshoe,,,800
769,1408209444056535040,2021-06-25 07:44:29,investing losing money every day inflation big risk placency inaction investing debt debtfree growth millennial taxrich eattherich,"['investing', 'debt', 'debtfree', 'growth', 'millennial', 'taxrich', 'eattherich']",botloveio,,,800
770,1408209415635828741,2021-06-25 07:44:22,haha pretty good inflation,[],JohnRosa7,,,800
771,1408209321716899844,2021-06-25 07:44:00,inflation made headlines fed raised inflation forecasts annual wholesale inflation hit one hottest levels ever plus higher costs labor issues continue impact construction new homes realestate,"['inflation', 'homes', 'realestate']",SoCalPlatProps,,,800
772,1408209115227189250,2021-06-25 07:43:10,gaslighting us nightmarish inflation already fed denying even exists viaactivistpost,[],SultryRobin,,,800
773,1408209050152620033,2021-06-25 07:42:55,case wondering adjusted inflation barenaked ladies need million buy love,[],AMaltmanWrites,,,800
774,1408208988911636480,2021-06-25 07:42:40,obama fy greenbook amp wyden rise act sensible force provisions roths exceeded certain thresholds obama age dependent year old example wyden inflation adjusted,[],DanielJHemel,,,800
775,1408208982838288386,2021-06-25 07:42:39,fifth seems lowball number include cash pur said also pur heloc growingly tapped investors us ref buyers investors amp pur cash thing market since gfc line inflation covid,[],LillianZhu11,,,800
776,1408208902123147264,2021-06-25 07:42:20,damn expensive know want say inflation ridiculous,[],FlipEVOL,,,800
777,1408208888927854592,2021-06-25 07:42:17,provision  calculation also inflation adjusted since inclusion tax code think,[],vangeestguy,,,800
796,1419083466340188161,2021-07-25 07:53:58,bating inflation inflation potus basically,[],HelloToLiberty,,,800
797,1419083331195523084,2021-07-25 07:53:26,wonking inflation risks intermittent fasting mon,[],ghostdansing,,,800
798,1419083298551255040,2021-07-25 07:53:18,american usd going hell via inflation,[],SnakeStock,,,800
799,1419083230251294720,2021-07-25 07:53:02,inflation rates reported monthly risky business lumber used car prices already falling,[],Davejeddy,,,800
800,1419083219987750917,2021-07-25 07:52:59,weimar republic offered generous public services  currency collapse aware spending paid inflation tax poor,[],quayle_shaun,,,800
801,1419082915456159749,2021-07-25 07:51:46,fee moved years kept inflation real terms gotten cheaper us earn things cost licence fee costs always despite production costs increasing,[],TheRamblingElf,,,800
802,1419082849433620485,2021-07-25 07:51:31,happened withscotiabankjm get away things thing bcuz dept boj charge monitoring banks seem know boj customer service charter least evidence centralbankja strength fatca amp inflation,[],PA13Baker,,,800
803,1419082735792967683,2021-07-25 07:51:04,get ready quick succession posts gonna try something new upload steelbeak blueberry inflation story images see,[],SwatTheFox,,,800
804,1419082634383093760,2021-07-25 07:50:39,president trump live turningpoint says wait till see real numbers inflation americafirst,['americafirst'],GavinMehl,,,800
805,1419082623922618370,2021-07-25 07:50:37,stock market eventually start slow towards end quarter cars back lots gas prices ing inflation ease housing prices ing extreme policies sorry,[],wallace61,,,800
806,1419082545417920513,2021-07-25 07:50:18,en cuanto mis fetiches rara vez le digo que algo voy desde lo rom ntico hasta lo sucio desenfrenado aunque tengo favoritos futanari impregnation cum inflation deep troath anal,[],Termad3,,,800
807,1419082505555169286,2021-07-25 07:50:09,fact check inflation increased every month joe biden presidency bidenflation,['bidenflation'],FrankStephens5,,,800
808,1419082477268779008,2021-07-25 07:50:02,opinion wonking inflation risks intermittent fasting mon,[],kgryte,,,800
809,1419082454862868483,2021-07-25 07:49:57,objectives inflation employment distribution climate inclusion instrument printer,[],QuantVol,,,800
810,1419082409853734915,2021-07-25 07:49:46,fairly obvious point gold silver suppressed prices explode people get fiat system creates huge problem fiat currencies amongst massive inflation fed allow gold silver metals invest trade,"['gold', 'silver', 'metals', 'invest', 'trade']",mining_charts,,,800
811,1419082363846467590,2021-07-25 07:49:35,mean wholesale inflation consumer inflation going way next quarter yes grateful printed exist spent,[],flea_sand,,,800
812,1419082311685918721,2021-07-25 07:49:23,root inflation much money chasing goods economist friend milton friedman frequently observed new york times warns inflation also results long lasting damage wages keep,[],oneyedjack,,,800
813,1419082204521578497,2021-07-25 07:48:57,wages rising inflation socialism,[],SlimRambo3001,,,800
849,1430316811489357828,2021-08-25 07:51:16,higher wages knock effect prices turn everyone else wages effectively go inflation rise workers start striking pay brexit taken us back brexiteers happy,[],worthingsteve,,,800
850,1430316808595251204,2021-08-25 07:51:15,dems put together policies caused problems virus control inflation businesses find employees big gov causes problems solves,[],sandylargo,,,800
851,1430316760700444672,2021-08-25 07:51:04,ihs markit  pmi pretty decent predictor us real gdp better hope correlation way  otherwise us economy really cooling way worst possible time forget inflation bigger problems,[],JeffSnider_AIP,,,800
852,1430316684599087115,2021-08-25 07:50:46,need prevent inflation dollar stores remain dollar,[],800shadchanit,,,800
853,1430316676998828036,2021-08-25 07:50:44,inflation year dollar already,[],arias455,,,800
854,1430316646896308224,2021-08-25 07:50:37,way inflation going plenty realistic years,[],rosscircle,,,800
855,1430316634938347522,2021-08-25 07:50:34,inflation literally hidden tax inflation steadily gone regardless rebuilding crumbling infrastructure helping everyday americans get work,[],not_that_Q,,,800
856,1430316627816448002,2021-08-25 07:50:32,neoliberal nonsense issue economy spending cause inflation,[],DallasLewis_Aus,,,800
857,1430316621545934851,2021-08-25 07:50:31,hyperinflation merely really high inflation inflation protection also protect hyperinflation,[],DelusionalInves,,,800
858,1430316615011344389,2021-08-25 07:50:29,important us stop adding debt pay causing inflation people afford democrats happy til pletely crush economy get everyone living government handouts,[],asrock73,,,800
859,1430316428796829700,2021-08-25 07:49:45,takes inflation hit world still backed us dollar reason dump buy back lower  gains,[],_IvanCerda14,,,800
860,1430316356294021121,2021-08-25 07:49:27,senate amp house cleared blueprint full package pass senate along party lines month maybe fed budge tapering inflation care less pelosi nice yellow dress amp political power ing,[],TOzgokmen,,,800
861,1430316314158006274,2021-08-25 07:49:17,dollar day years  adding inflation make dollar years ago worth nothing scoff,[],1noTon1,,,800
862,1430316301457764353,2021-08-25 07:49:14,obviously felt inflation gas price increase white privileged,[],JeffLaBoda6,,,800
863,1430316275729903629,2021-08-25 07:49:08,ted sorry never studied history gerald ford withdrew troops vietnam left pows nixon agreed bring home busy inflation war left behind vietnamese allies also killed biden removed thousands already,[],TxMelinda,,,800
864,1430316167609020423,2021-08-25 07:48:43,inflation running hot,[],mawfunx2,,,800
878,1441551800130174981,2021-09-25 07:55:06,us losing control rapid decline inflation skyrocketing food gas prices shot moon poverty homelessness continues increase,[],detroitotaku,,,800
